{"val_mae": 0.03146320938722711, "_timestamp": 1750732062.09049, "_runtime": 203.38973307609558, "_step": 0, "_wandb": {"runtime": 203}}