{"val_mae": 0.03972722251827339, "_timestamp": 1750731445.3065753, "_runtime": 409.71408224105835, "_step": 0, "_wandb": {"runtime": 409}}