{"val_mae": 0.03320035685040494, "_timestamp": 1750734441.1051095, "_runtime": 537.201075553894, "_step": 0, "_wandb": {"runtime": 536}}