{"val_mae": 0.03127679631741938, "_timestamp": 1750731707.681579, "_runtime": 251.04680514335632, "_step": 0, "_wandb": {"runtime": 250}}