{"val_mae": 0.04344019260802273, "_timestamp": 1750733892.395099, "_runtime": 1758.7539389133453, "_step": 0, "_wandb": {"runtime": 1758}}